City_ID,City,Country,Date,Lat,Lng,Max Temp,Humidity,Cloudiness,Wind Speed
0,Strathroy,CA,2021-09-12 14:14:58,42.9551,-81.6223,72.48,71,99,10.74
1,Hobart,AU,2021-09-12 14:14:58,-42.8794,147.3294,45.27,80,75,6.91
2,Cidreira,BR,2021-09-12 14:14:58,-30.1811,-50.2056,67.08,76,5,14.97
3,Dikson,RU,2021-09-12 14:14:59,73.5069,80.5464,40.73,85,17,7.87
4,Missoula,US,2021-09-12 14:14:59,47.0166,-113.8009,38.1,85,25,1.68
5,Dunedin,NZ,2021-09-12 14:10:57,-45.8742,170.5036,54.81,83,100,3.0
6,Yellowknife,CA,2021-09-12 14:14:59,62.456,-114.3525,46.92,100,75,9.22
7,Nanortalik,GL,2021-09-12 14:15:00,60.1432,-45.2371,40.24,94,100,11.9
8,Ushuaia,AR,2021-09-12 14:15:00,-54.8,-68.3,40.66,60,75,3.44
9,Hermanus,ZA,2021-09-12 14:15:00,-34.4187,19.2345,56.89,81,100,11.39
10,Faanui,PF,2021-09-12 14:10:34,-16.4833,-151.75,76.8,74,15,16.69
11,Upernavik,GL,2021-09-12 14:15:01,72.7868,-56.1549,32.67,64,100,22.12
12,Samana,DO,2021-09-12 14:15:01,19.2056,-69.3369,84.16,89,40,0.0
13,Busselton,AU,2021-09-12 14:15:01,-33.65,115.3333,50.09,81,94,4.74
14,Tasiilaq,GL,2021-09-12 14:15:02,65.6145,-37.6368,37.56,87,100,52.08
15,Mataura,NZ,2021-09-12 14:15:02,-46.1927,168.8643,46.47,97,99,6.89
16,Geraldton,AU,2021-09-12 14:10:39,-28.7667,114.6,52.21,87,0,10.36
17,Lincoln,US,2021-09-12 14:11:08,40.8,-96.667,71.98,86,1,5.01
18,Khatanga,RU,2021-09-12 14:15:02,71.9667,102.5,45.23,62,4,3.18
19,Albany,US,2021-09-12 14:15:03,42.6001,-73.9662,71.8,79,99,5.7
20,Jamestown,US,2021-09-12 14:10:13,42.097,-79.2353,70.02,85,90,11.99
21,Bredasdorp,ZA,2021-09-12 14:15:03,-34.5322,20.0403,56.28,77,95,16.91
22,Okhotsk,RU,2021-09-12 14:15:04,59.3833,143.3,48.51,82,14,3.69
23,Eucaliptus,BO,2021-09-12 14:15:04,-17.5833,-67.5167,54.79,46,14,9.28
24,Ponta Do Sol,PT,2021-09-12 14:15:04,32.6667,-17.1,85.01,72,57,9.89
25,Wanning,CN,2021-09-12 14:15:05,18.8003,110.3967,81.03,85,89,3.8
26,Talnakh,RU,2021-09-12 14:11:11,69.4865,88.3972,46.44,83,100,5.61
27,Cape Town,ZA,2021-09-12 14:11:35,-33.9258,18.4232,64.89,66,89,4.0
28,Isangel,VU,2021-09-12 14:15:05,-19.55,169.2667,72.32,85,35,9.78
29,Ginir,ET,2021-09-12 14:15:05,7.1333,40.7,71.04,48,80,16.58
30,Vila Franca Do Campo,PT,2021-09-12 14:15:06,37.7167,-25.4333,72.01,78,100,19.89
31,Hilo,US,2021-09-12 14:15:06,19.7297,-155.09,71.33,89,90,8.05
32,Krasnaya Gorka,RU,2021-09-12 14:15:06,55.1962,56.6673,53.31,57,34,5.14
33,Dingle,PH,2021-09-12 14:11:27,10.9995,122.6711,77.2,89,100,1.28
34,Kapaa,US,2021-09-12 14:15:07,22.0752,-159.319,76.12,79,40,1.99
35,Vaini,TO,2021-09-12 14:15:07,-21.2,-175.2,69.96,94,40,2.3
36,Ouadda,CF,2021-09-12 14:15:07,8.0777,22.4007,77.5,88,100,5.68
37,Port Alfred,ZA,2021-09-12 14:15:08,-33.5906,26.891,68.0,72,29,12.55
38,Avera,US,2021-09-12 14:10:42,33.194,-82.5271,76.68,61,0,2.93
39,Alofi,NU,2021-09-12 14:15:08,-19.0595,-169.9187,75.76,81,100,8.95
40,Cedar City,US,2021-09-12 14:13:42,37.6775,-113.0619,65.39,54,1,0.0
41,Ixtapa,MX,2021-09-12 14:11:51,20.7,-105.2,80.22,94,1,3.44
42,Mahebourg,MU,2021-09-12 14:15:09,-20.4081,57.7,71.26,83,75,18.41
43,Castro,BR,2021-09-12 14:15:09,-24.7911,-50.0119,80.33,42,0,4.9
44,Chuy,UY,2021-09-12 14:15:09,-33.6971,-53.4616,62.37,78,100,11.54
45,Nikolskoye,RU,2021-09-12 14:15:09,59.7035,30.7861,62.49,75,100,6.85
46,Thyolo,MW,2021-09-12 14:15:10,-16.0678,35.1405,74.91,38,99,6.04
47,Harper,LR,2021-09-12 14:15:10,4.375,-7.7169,79.25,81,94,9.08
48,Puksoozero,RU,2021-09-12 14:15:10,62.5903,40.6066,51.51,56,40,1.5
49,Rawson,AR,2021-09-12 14:15:11,-43.3002,-65.1023,59.07,28,65,20.62
50,Guatire,VE,2021-09-12 14:15:11,10.4762,-66.5427,85.21,60,96,3.69
51,Bengkulu,ID,2021-09-12 14:15:11,-3.8004,102.2655,77.31,89,67,3.89
52,East London,ZA,2021-09-12 14:15:11,-33.0153,27.9116,69.35,67,70,8.21
53,Puerto Ayora,EC,2021-09-12 14:15:12,-0.7393,-90.3518,67.55,98,97,5.01
54,Rikitea,PF,2021-09-12 14:15:12,-23.1203,-134.9692,73.04,73,39,6.96
55,Muisne,EC,2021-09-12 14:15:12,0.6,-80.0333,75.0,83,100,7.52
56,Atuona,PF,2021-09-12 14:15:13,-9.8,-139.0333,77.7,73,1,21.65
57,Teguise,ES,2021-09-12 14:15:13,29.0605,-13.564,86.22,35,20,9.22
58,Barrow,US,2021-09-12 14:15:13,71.2906,-156.7887,35.62,93,90,8.05
59,Slavsk,RU,2021-09-12 14:15:13,55.0425,21.677,66.24,87,100,8.84
60,Tadine,NC,2021-09-12 14:15:14,-21.55,167.8833,68.54,68,35,9.46
61,Port Blair,IN,2021-09-12 14:15:14,11.6667,92.75,81.48,83,95,19.42
62,Bluff,NZ,2021-09-12 14:15:14,-46.6,168.3333,46.8,81,99,26.44
63,Gunjur,GM,2021-09-12 14:11:00,13.2019,-16.7339,89.67,70,75,3.44
64,Punta Arenas,CL,2021-09-12 14:15:15,-53.15,-70.9167,41.11,75,0,9.22
65,Luanda,AO,2021-09-12 14:11:09,-8.8368,13.2343,77.0,73,20,10.36
66,Camargo,MX,2021-09-12 14:15:15,27.6667,-105.1667,69.15,49,0,3.78
67,Victoria,HK,2021-09-12 14:12:06,22.2855,114.1577,88.32,85,100,9.06
68,Meulaboh,ID,2021-09-12 14:15:16,4.1363,96.1285,74.52,94,100,3.0
69,Vanimo,PG,2021-09-12 14:15:16,-2.6741,141.3028,78.75,88,100,6.49
70,Maple Creek,CA,2021-09-12 14:15:16,49.9168,-109.4848,50.88,89,83,4.7
71,Lianzhou,CN,2021-09-12 14:15:17,24.7811,112.3825,80.55,70,47,3.65
72,Provideniya,RU,2021-09-12 14:15:17,64.3833,-173.3,39.15,91,17,11.48
73,Longyearbyen,SJ,2021-09-12 14:15:17,78.2186,15.6401,37.24,65,40,11.5
74,Sao Joao Da Barra,BR,2021-09-12 14:15:17,-21.6403,-41.0511,82.49,78,51,9.44
75,Bandarbeyla,SO,2021-09-12 14:15:18,9.4942,50.8122,79.18,78,10,33.62
76,Salalah,OM,2021-09-12 14:15:18,17.0151,54.0924,82.49,89,75,10.36
77,Mount Isa,AU,2021-09-12 14:15:18,-20.7333,139.5,71.37,37,90,0.0
78,Broken Hill,AU,2021-09-12 14:10:43,-31.95,141.4333,45.03,59,0,18.92
79,Necochea,AR,2021-09-12 14:15:19,-38.5473,-58.7368,59.04,79,82,13.06
80,Leningradskiy,RU,2021-09-12 14:15:19,69.3833,178.4167,28.62,96,100,19.19
81,Lensk,RU,2021-09-12 14:15:19,60.7253,114.9278,49.1,94,100,6.78
82,Tazovskiy,RU,2021-09-12 14:15:20,67.4667,78.7,43.97,97,100,11.34
83,Naryan-Mar,RU,2021-09-12 14:15:20,67.6713,53.087,40.23,87,100,8.57
84,Greece,US,2021-09-12 14:15:20,43.2098,-77.6931,75.45,76,75,1.99
85,Newport,GB,2021-09-12 14:15:21,51.5877,-2.9984,71.2,66,100,2.08
86,Pascagoula,US,2021-09-12 14:15:21,30.3658,-88.5561,81.55,86,1,5.75
87,Richards Bay,ZA,2021-09-12 14:11:44,-28.783,32.0377,80.78,44,0,16.58
88,Parainen,FI,2021-09-12 14:15:21,60.3067,22.301,61.25,96,100,8.03
89,Safranbolu,TR,2021-09-12 14:15:22,41.2508,32.6942,69.53,46,77,6.4
90,Avarua,CK,2021-09-12 14:15:22,-21.2078,-159.775,73.45,88,75,9.22
91,Dwarka,IN,2021-09-12 14:15:22,22.2394,68.9678,81.39,88,100,17.25
92,Batticaloa,LK,2021-09-12 14:15:23,7.7102,81.6924,85.14,58,98,17.54
93,Lompoc,US,2021-09-12 14:14:30,34.6391,-120.4579,57.63,91,90,3.44
94,Mehamn,NO,2021-09-12 14:15:23,71.0357,27.8492,46.83,72,46,11.97
95,Puerto Colombia,CO,2021-09-12 14:15:23,10.9878,-74.9547,82.49,79,100,5.57
96,Tuktoyaktuk,CA,2021-09-12 14:15:24,69.4541,-133.0374,42.91,96,100,8.05
97,Thompson,CA,2021-09-12 14:15:24,55.7435,-97.8558,41.92,70,100,6.62
98,Marystown,CA,2021-09-12 14:15:24,47.1666,-55.1483,64.33,64,0,9.19
99,Narsaq,GL,2021-09-12 14:15:25,60.9167,-46.05,46.62,78,100,6.6
100,Sao Filipe,CV,2021-09-12 14:15:25,14.8961,-24.4956,81.34,75,48,13.4
101,Sobolevo,RU,2021-09-12 14:15:25,54.4299,31.8996,72.43,56,100,6.49
102,Saskylakh,RU,2021-09-12 14:15:25,71.9167,114.0833,44.6,62,6,4.76
103,Kodiak,US,2021-09-12 14:15:26,57.79,-152.4072,49.73,93,99,13.42
104,Boguchany,RU,2021-09-12 14:15:26,58.3814,97.4531,51.75,90,100,4.72
105,Marawi,PH,2021-09-12 14:15:26,7.9986,124.2928,65.64,91,100,2.19
106,Camaqua,BR,2021-09-12 14:15:27,-30.8511,-51.8122,70.66,65,45,5.08
107,Kaitangata,NZ,2021-09-12 14:15:27,-46.2817,169.8464,47.95,92,100,12.06
108,Zhanaozen,KZ,2021-09-12 14:15:27,43.3,52.8,82.8,16,0,10.6
109,Iquique,CL,2021-09-12 14:11:35,-20.2208,-70.1431,60.84,63,91,6.44
110,Lavrentiya,RU,2021-09-12 14:15:28,65.5833,-171.0,39.72,79,97,10.36
111,Cabedelo,BR,2021-09-12 14:15:28,-6.9811,-34.8339,83.07,71,93,16.26
112,Arraial Do Cabo,BR,2021-09-12 14:15:28,-22.9661,-42.0278,73.26,88,75,13.8
113,Ancud,CL,2021-09-12 14:15:29,-41.8697,-73.8203,47.73,81,67,17.43
114,Qaanaaq,GL,2021-09-12 14:15:29,77.484,-69.3632,24.1,61,10,8.23
115,Butaritari,KI,2021-09-12 14:15:16,3.0707,172.7902,83.37,74,100,21.61
116,Srednekolymsk,RU,2021-09-12 14:15:29,67.45,153.6833,37.33,55,100,7.78
117,Norfolk,US,2021-09-12 14:15:30,42.1668,-71.2495,74.98,77,1,3.0
118,Sussex,US,2021-09-12 14:15:28,41.1834,-74.6663,71.56,81,1,9.22
119,New Norfolk,AU,2021-09-12 14:15:30,-42.7826,147.0587,44.92,67,100,1.99
120,Antofagasta,CL,2021-09-12 14:14:31,-23.65,-70.4,66.22,59,99,8.81
121,Hithadhoo,MV,2021-09-12 14:15:30,-0.6,73.0833,84.16,68,85,9.95
122,Lazaro Cardenas,MX,2021-09-12 14:15:31,17.9583,-102.2,78.64,90,100,4.47
123,Portree,GB,2021-09-12 14:15:31,57.4129,-6.1942,57.85,64,6,9.4
124,Shingu,JP,2021-09-12 14:15:31,33.7333,135.9833,75.9,93,100,3.09
125,Chokurdakh,RU,2021-09-12 14:15:31,70.6333,147.9167,43.27,74,42,8.95
126,Mar Del Plata,AR,2021-09-12 14:13:24,-38.0023,-57.5575,57.22,94,90,16.11
127,Port-Gentil,GA,2021-09-12 14:14:14,-0.7193,8.7815,77.47,84,100,13.65
128,Alice Springs,AU,2021-09-12 14:11:52,-23.7,133.8833,62.15,45,0,10.36
129,Coahuayana,MX,2021-09-12 14:15:32,18.7333,-103.6833,78.28,87,82,2.73
130,Vestmannaeyjar,IS,2021-09-12 14:15:32,63.4427,-20.2734,52.79,100,90,26.46
131,Lere,NG,2021-09-12 14:15:33,10.387,8.5726,84.25,60,50,2.73
132,Porto Novo,BJ,2021-09-12 14:15:05,6.4965,2.6036,83.55,71,100,10.92
133,Omsk,RU,2021-09-12 14:15:33,55.0,73.4,48.09,43,40,13.42
134,Ust-Nera,RU,2021-09-12 14:15:33,64.5667,143.2,41.16,69,52,2.95
135,Nemuro,JP,2021-09-12 14:15:34,43.3236,145.575,63.84,89,92,19.48
136,Zeya,RU,2021-09-12 14:15:34,53.75,127.2667,47.16,87,93,3.96
137,Sokolo,ML,2021-09-12 14:15:34,14.7328,-6.1219,95.88,34,54,10.42
138,Esperance,AU,2021-09-12 14:15:35,-33.8667,121.9,47.95,72,10,11.03
139,Pisco,PE,2021-09-12 14:15:35,-13.7,-76.2167,64.02,77,20,6.91
140,Pitimbu,BR,2021-09-12 14:15:35,-7.4706,-34.8086,82.99,68,76,14.88
141,Juba,SS,2021-09-12 14:15:35,4.8517,31.5825,82.49,64,92,2.77
142,Saint George,US,2021-09-12 14:12:03,37.1041,-113.5841,77.79,37,1,1.99
143,Karratha,AU,2021-09-12 14:15:36,-20.7377,116.8463,74.07,53,0,14.05
144,Xinqing,CN,2021-09-12 14:15:36,48.2333,129.5,52.09,89,74,0.67
145,Baturaja,ID,2021-09-12 14:15:36,-4.1333,104.1667,74.64,96,97,2.19
146,Northam,GB,2021-09-12 14:15:37,51.0333,-4.2167,67.71,80,100,7.4
147,Bilma,NE,2021-09-12 14:15:37,18.6853,12.9164,105.31,9,5,9.19
148,Ayorou,NE,2021-09-12 14:15:37,14.7308,0.9174,99.5,32,75,11.3
149,Iqaluit,CA,2021-09-12 14:15:38,63.7506,-68.5145,33.53,69,75,17.27
150,Khasan,RU,2021-09-12 14:15:38,42.4308,130.6434,59.95,64,10,6.06
151,Kavieng,PG,2021-09-12 14:15:38,-2.5744,150.7967,82.87,76,37,14.52
152,North Platte,US,2021-09-12 14:15:39,41.1239,-100.7654,66.09,86,1,3.0
153,Harrison,US,2021-09-12 14:15:39,30.4091,-89.0436,81.05,85,1,9.22
154,Ilulissat,GL,2021-09-12 14:15:39,69.2167,-51.1,26.62,63,100,8.05
155,Griffith,US,2021-09-12 14:15:39,41.5284,-87.4237,76.46,73,1,3.0
156,Baishishan,CN,2021-09-12 14:15:40,43.5833,127.5667,48.13,87,3,2.62
157,Beringovskiy,RU,2021-09-12 14:15:40,63.05,179.3167,34.12,95,100,18.63
158,Yaring,TH,2021-09-12 14:15:40,6.8662,101.3689,79.07,85,83,8.9
159,Bambous Virieux,MU,2021-09-12 14:15:41,-20.3428,57.7575,71.22,83,75,18.41
160,Asau,RO,2021-09-12 14:15:41,46.4333,26.4,74.32,35,99,4.88
161,Mlonggo,ID,2021-09-12 14:15:41,-6.5333,110.7,81.84,73,97,5.35
162,Santa Rosa,PH,2021-09-12 14:15:41,14.3122,121.1114,79.11,92,100,2.08
163,Vaitape,PF,2021-09-12 14:15:42,-16.5167,-151.75,76.78,74,15,16.67
164,Monrovia,LR,2021-09-12 14:15:42,6.3005,-10.7969,80.47,74,99,9.75
165,Leh,IN,2021-09-12 14:15:42,34.1667,77.5833,60.37,38,41,6.24
166,Ilhabela,BR,2021-09-12 14:15:43,-23.7781,-45.3581,75.76,77,21,4.03
167,Pevek,RU,2021-09-12 14:12:16,69.7008,170.3133,30.18,89,100,9.57
168,Moree,AU,2021-09-12 14:15:43,-29.4667,149.85,66.22,52,77,10.36
169,Goderich,CA,2021-09-12 14:15:43,43.7501,-81.7165,68.92,73,100,3.44
170,Pacific Grove,US,2021-09-12 14:15:42,36.6177,-121.9166,60.31,95,90,1.01
171,Meadville,US,2021-09-12 14:14:14,41.6414,-80.1515,74.01,81,20,9.22
172,Chengde,CN,2021-09-12 14:15:44,40.9725,117.9361,65.5,95,99,3.27
173,Namibe,AO,2021-09-12 14:15:44,-15.1961,12.1522,73.42,74,17,11.77
174,Bloomfield,US,2021-09-12 14:14:25,40.8068,-74.1854,74.32,77,1,4.0
175,Balkanabat,TM,2021-09-12 14:15:46,39.5108,54.3671,90.32,11,0,16.64
176,Borovoy,RU,2021-09-12 14:15:46,55.4333,86.0833,43.88,93,40,6.71
177,Zhezkazgan,KZ,2021-09-12 14:15:46,47.8043,67.7144,59.5,20,8,7.65
178,Samarai,PG,2021-09-12 14:15:47,-10.6167,150.6667,78.94,89,57,14.67
179,Pundaguitan,PH,2021-09-12 14:15:47,6.3711,126.1689,81.03,75,100,0.36
180,Gigmoto,PH,2021-09-12 14:15:47,13.7796,124.39,81.46,82,100,4.94
181,Washougal,US,2021-09-12 14:14:12,45.5826,-122.3534,62.49,87,1,3.44
182,Solnechnyy,RU,2021-09-12 14:15:47,50.7214,136.6319,46.94,87,86,6.31
183,Gold Coast,AU,2021-09-12 14:13:51,-28.0,153.4333,69.39,73,0,4.0
184,Arkhangelsk,RU,2021-09-12 14:15:48,64.5401,40.5433,51.91,58,20,6.71
185,Tual,ID,2021-09-12 14:15:48,-5.6667,132.75,80.56,85,100,11.88
186,Pittsfield,US,2021-09-12 14:15:48,42.4501,-73.2454,70.0,78,90,1.99
187,Torbay,CA,2021-09-12 14:15:28,47.6666,-52.7314,66.76,68,75,16.11
188,Hovd,MN,2021-09-12 14:15:49,48.0056,91.6419,62.28,17,0,9.73
189,Hasaki,JP,2021-09-12 14:15:49,35.7333,140.8333,72.0,86,100,13.38
190,Kalulushi,ZM,2021-09-12 14:15:49,-12.8378,28.0919,83.12,20,65,3.56
191,Omsukchan,RU,2021-09-12 14:15:50,62.5333,155.8,29.35,64,94,2.55
192,Vallenar,CL,2021-09-12 14:11:24,-28.5708,-70.7581,57.96,54,0,3.6
193,Liverpool,GB,2021-09-12 14:15:28,53.4106,-2.9779,64.78,84,90,1.99
194,Vanavara,RU,2021-09-12 14:15:50,60.34,102.2797,51.67,58,100,6.06
195,Altamont,US,2021-09-12 14:15:51,42.2068,-121.7372,53.78,86,1,0.0
196,Olinda,BR,2021-09-12 14:15:51,-8.0089,-34.8553,82.13,61,75,11.5
197,Ahipara,NZ,2021-09-12 14:15:51,-35.1667,173.1667,51.24,85,4,8.16
198,Nelson Bay,AU,2021-09-12 14:15:51,-32.7167,152.15,66.09,72,13,1.99
199,Mogadishu,SO,2021-09-12 14:15:52,2.0371,45.3438,77.54,78,100,14.27
200,Neijiang,CN,2021-09-12 14:15:52,29.5835,105.0622,75.49,87,9,2.84
201,Syava,RU,2021-09-12 14:15:52,58.0146,46.3222,52.68,78,94,3.18
202,San Quintin,MX,2021-09-12 14:15:53,30.4833,-115.95,72.3,83,0,6.78
203,Sioux Lookout,CA,2021-09-12 14:15:43,50.1001,-91.917,48.58,71,90,9.22
204,Fairbanks,US,2021-09-12 14:15:53,64.8378,-147.7164,44.24,80,1,0.0
205,Saint-Philippe,RE,2021-09-12 14:15:53,-21.3585,55.7679,71.19,80,42,17.6
206,Mizdah,LY,2021-09-12 14:15:54,31.4451,12.9801,91.31,23,0,12.75
207,Kavaratti,IN,2021-09-12 14:15:54,10.5669,72.642,81.99,82,100,20.09
208,Faya,SA,2021-09-12 14:15:54,18.3851,42.4509,77.11,48,99,10.76
209,Severo-Kurilsk,RU,2021-09-12 14:15:54,50.6789,156.125,45.39,89,100,11.5
210,Vao,NC,2021-09-12 14:15:55,-22.6667,167.4833,68.32,64,72,14.12
211,Altagracia De Orituco,VE,2021-09-12 14:15:55,9.8601,-66.3814,82.92,61,91,5.19
212,Khandbari,NP,2021-09-12 14:15:55,27.3747,87.2039,72.82,89,92,1.14
213,Youkounkoun,GN,2021-09-12 14:15:56,12.5333,-13.1333,85.41,70,83,3.89
214,Lebu,CL,2021-09-12 14:15:56,-37.6167,-73.65,50.23,81,100,18.32
215,Ouallam,NE,2021-09-12 14:15:56,14.3188,2.0866,98.74,28,79,5.14
216,Vostok,RU,2021-09-12 14:15:57,46.4856,135.8833,46.31,99,100,3.58
217,Vila,PT,2021-09-12 14:15:57,42.0304,-8.1588,73.71,57,94,7.23
218,Laguna,US,2021-09-12 14:11:46,38.421,-121.4238,73.22,74,1,1.01
219,Brookings,US,2021-09-12 14:12:37,44.3114,-96.7984,57.61,62,20,9.22
220,Kenora,CA,2021-09-12 14:15:29,49.8167,-94.4337,52.77,71,75,8.05
221,Konstantinovka,RU,2021-09-12 14:15:58,49.6167,127.9833,52.23,87,83,2.8
222,Ossora,RU,2021-09-12 14:15:58,59.2353,163.0719,37.6,74,14,7.02
223,Pak Phanang,TH,2021-09-12 14:15:58,8.3511,100.202,82.49,73,100,4.45
224,Sanguem,IN,2021-09-12 14:15:59,15.2333,74.1667,76.1,96,77,7.0
225,San Juan,AR,2021-09-12 14:15:59,-31.5375,-68.5364,75.02,5,0,11.41
226,Grindavik,IS,2021-09-12 14:15:59,63.8424,-22.4338,53.55,100,90,29.93
227,Pangoa,PE,2021-09-12 14:16:00,-12.1167,-73.0,82.35,53,60,1.52
228,Qostanay,KZ,2021-09-12 14:16:00,53.1667,63.5833,52.09,46,0,11.18
229,Zhigansk,RU,2021-09-12 14:16:00,66.7697,123.3711,46.62,64,100,7.76
230,San Patricio,US,2021-09-12 14:16:01,28.017,-97.5169,82.85,73,100,8.16
231,Klaksvik,FO,2021-09-12 14:16:01,62.2266,-6.589,56.32,89,92,9.48
232,Ribeira Grande,PT,2021-09-12 14:16:02,38.5167,-28.7,72.0,64,75,9.22
233,Muzaffarabad,PK,2021-09-12 14:16:02,34.37,73.4711,73.35,84,9,2.24
234,Hay River,CA,2021-09-12 14:15:28,60.8156,-115.7999,48.18,87,75,3.44
235,Obihiro,JP,2021-09-12 14:16:02,42.9172,143.2044,57.36,90,0,5.21
236,Aklavik,CA,2021-09-12 14:16:03,68.2191,-135.0107,45.43,87,75,8.05
237,Fortuna,US,2021-09-12 14:16:03,40.5982,-124.1573,55.92,74,90,0.0
238,Junin,AR,2021-09-12 14:16:03,-34.5838,-60.9433,68.76,59,0,15.26
239,Ust-Karsk,RU,2021-09-12 14:16:04,52.7011,118.8077,48.99,94,100,2.48
240,Bokovskaya,RU,2021-09-12 14:16:04,49.229,41.8306,72.14,45,100,9.24
241,Payo,ID,2021-09-12 14:16:04,-3.7508,103.6372,75.13,91,100,3.36
242,Umm Kaddadah,SD,2021-09-12 14:16:05,13.6017,26.6876,93.49,35,99,4.36
243,De Aar,ZA,2021-09-12 14:16:05,-30.6497,24.0123,83.75,11,13,19.44
244,Burlington,US,2021-09-12 14:15:25,39.8835,-74.6413,74.97,74,1,4.0
245,Seoul,KR,2021-09-12 14:14:28,37.5683,126.9778,71.04,60,39,3.4
246,Juneau,US,2021-09-12 14:15:29,58.3019,-134.4197,53.83,99,90,6.91
247,Lorengau,PG,2021-09-12 14:16:06,-2.0226,147.2712,82.31,77,79,7.58
248,Rio Grande,BR,2021-09-12 14:16:06,-32.035,-52.0986,68.11,83,78,14.38
249,Lata,PT,2021-09-12 14:16:06,40.1629,-8.3327,90.05,25,100,9.42
250,Constitucion,CL,2021-09-12 14:11:28,-35.3333,-72.4167,53.11,84,99,21.88
251,Guerrero Negro,MX,2021-09-12 14:13:38,27.9769,-114.0611,72.68,82,3,2.37
252,Bonthe,SL,2021-09-12 14:16:07,7.5264,-12.505,76.75,89,100,7.76
253,Joetsu,JP,2021-09-12 14:16:07,37.1483,138.2364,70.41,84,100,9.46
254,College,US,2021-09-12 14:16:07,64.8569,-147.8028,44.22,79,20,0.0
255,Cabo San Lucas,MX,2021-09-12 14:16:07,22.8909,-109.9124,79.52,88,5,8.25
256,Jiujiang,CN,2021-09-12 14:16:08,29.7333,115.9833,78.19,76,0,16.51
257,Yerbogachen,RU,2021-09-12 14:16:08,61.2767,108.0108,42.64,86,69,4.54
258,Bethel,US,2021-09-12 14:16:08,41.3712,-73.414,73.49,79,1,3.0
259,Okha,RU,2021-09-12 14:16:08,53.5739,142.9478,51.22,66,80,14.61
260,Te Anau,NZ,2021-09-12 14:16:09,-45.4167,167.7167,43.68,93,100,4.5
261,Xapuri,BR,2021-09-12 14:16:09,-10.6517,-68.5044,84.85,38,77,3.15
262,Gondar,ET,2021-09-12 14:16:09,12.6,37.4667,63.28,84,88,7.61
263,Chara,RU,2021-09-12 14:16:10,56.9064,118.2631,53.11,74,100,4.27
264,Port Lincoln,AU,2021-09-12 14:16:10,-34.7333,135.8667,51.62,58,7,15.99
265,Alekseyevka,RU,2021-09-12 14:16:10,50.6309,38.6903,72.21,44,99,4.88
266,Udachnyy,RU,2021-09-12 14:16:11,66.4167,112.4,50.2,78,99,7.14
267,Souillac,MU,2021-09-12 14:16:11,-20.5167,57.5167,71.37,83,75,18.41
268,Catuday,PH,2021-09-12 14:16:11,16.2923,119.8062,77.45,89,100,17.0
269,Padang,ID,2021-09-12 14:16:12,-0.9492,100.3543,77.05,85,94,2.42
270,Praya,CV,2021-09-12 14:16:12,14.9215,-23.5087,86.54,66,40,11.5
271,Olga,RU,2021-09-12 14:16:12,43.7444,135.2892,58.32,64,30,15.05
272,Nouadhibou,MR,2021-09-12 14:16:13,20.931,-17.0347,84.18,65,99,13.8
273,Alugan,PH,2021-09-12 14:16:13,12.2188,125.4808,80.58,83,100,7.07
274,Amapa,BR,2021-09-12 14:16:13,1.0,-52.0,89.94,44,0,4.41
275,Krasnoye,UA,2021-09-12 14:16:14,49.9145,24.6134,78.15,39,9,3.38
276,Kahului,US,2021-09-12 14:16:14,20.8947,-156.47,75.22,83,90,14.97
277,Sulphur,US,2021-09-12 14:14:54,30.2366,-93.3774,77.02,85,1,5.75
278,Copperas Cove,US,2021-09-12 14:16:14,31.1241,-97.9031,77.36,74,1,0.0
279,Bangkalan,ID,2021-09-12 14:16:14,-7.0455,112.7351,80.55,81,89,7.02
280,Pasuquin,PH,2021-09-12 14:16:15,18.3328,120.6177,80.85,80,100,14.54
281,Fort Saint James,CA,2021-09-12 14:16:15,54.4333,-124.25,39.45,95,3,3.36
282,Deputatskiy,RU,2021-09-12 14:12:16,69.3,139.9,40.82,56,14,5.57
283,San Cristobal,VE,2021-09-12 14:16:15,7.7669,-72.225,75.38,50,44,7.23
284,Taoudenni,ML,2021-09-12 14:16:16,22.6783,-3.9836,112.28,6,10,2.19
285,Roald,NO,2021-09-12 14:16:16,62.5833,6.1333,56.91,62,75,6.91
286,Vila Velha,BR,2021-09-12 14:16:16,-20.3297,-40.2925,82.35,69,20,11.5
287,Fukue,JP,2021-09-12 14:16:17,32.6881,128.8419,75.6,88,100,11.52
288,Santa Isabel Do Rio Negro,BR,2021-09-12 14:16:17,-0.4139,-65.0192,89.17,55,7,2.59
289,Nyaunglebin,MM,2021-09-12 14:16:17,17.95,96.7333,74.61,94,100,2.1
290,Cockburn Town,TC,2021-09-12 14:16:18,21.4612,-71.1419,83.17,74,95,19.95
291,Saint Anthony,US,2021-09-12 14:16:18,45.0205,-93.218,60.26,72,1,1.01
292,Sambava,MG,2021-09-12 14:16:18,-14.2667,50.1667,72.55,84,100,16.87
293,Kawasaki,JP,2021-09-12 14:16:19,35.5206,139.7172,77.11,84,75,8.05
294,Huilong,CN,2021-09-12 14:11:44,31.8111,121.655,80.04,91,100,20.49
295,Ketchikan,US,2021-09-12 14:16:19,55.3422,-131.6461,54.07,100,90,8.05
296,Katsuura,JP,2021-09-12 14:16:19,35.1333,140.3,77.11,88,100,16.64
297,Paris,FR,2021-09-12 14:12:36,48.8534,2.3488,75.06,55,75,1.01
298,Akhmeta,GE,2021-09-12 14:16:20,42.0311,45.2075,77.52,54,3,1.52
299,Cherskiy,RU,2021-09-12 14:16:20,68.75,161.3,33.51,63,100,7.7
300,Labuhan,ID,2021-09-12 14:16:20,-6.8844,112.2051,79.02,84,63,6.31
301,Klofta,NO,2021-09-12 14:16:21,60.0667,11.15,63.05,77,75,11.5
302,Chepen,PE,2021-09-12 14:16:21,-7.2167,-79.45,63.46,73,86,5.7
303,Tarata,BO,2021-09-12 14:16:21,-17.6167,-66.0167,71.02,36,67,6.98
304,San Policarpo,PH,2021-09-12 14:16:22,12.1791,125.5072,81.23,82,100,7.72
305,Oranjemund,NA,2021-09-12 14:16:22,-28.55,16.4333,60.82,76,100,15.39
306,Mahibadhoo,MV,2021-09-12 14:16:22,3.7833,72.9667,83.53,71,100,10.11
307,Matara,LK,2021-09-12 14:16:22,5.9485,80.5353,79.47,81,100,11.5
308,Lagoa,PT,2021-09-12 14:16:23,39.05,-27.9833,69.15,76,100,24.14
309,Manokwari,ID,2021-09-12 14:16:23,-0.8667,134.0833,79.21,75,15,3.2
310,Ngama,TD,2021-09-12 14:16:23,11.7833,17.1667,89.92,51,83,7.58
311,Yaqui,MX,2021-09-12 14:16:24,27.3667,-110.1667,81.16,80,56,3.0
312,Sangareddi,IN,2021-09-12 14:16:24,17.6294,78.0917,78.21,82,100,10.83
313,Norman Wells,CA,2021-09-12 14:16:24,65.282,-126.8329,41.04,100,75,0.0
314,Nome,US,2021-09-12 14:16:25,64.5011,-165.4064,51.87,87,90,18.41
315,Mugur-Aksy,RU,2021-09-12 14:16:25,50.35,90.5,46.96,40,91,6.89
316,Kalavad,IN,2021-09-12 14:16:25,22.2167,70.3833,80.1,87,100,13.62
317,Eenhana,NA,2021-09-12 14:16:26,-17.4667,16.3333,91.83,9,3,7.76
318,Clyde River,CA,2021-09-12 14:16:26,70.4692,-68.5914,32.23,80,75,40.29
319,Stokmarknes,NO,2021-09-12 14:16:26,68.5646,14.9108,52.5,76,75,9.22
320,Nizza Monferrato,IT,2021-09-12 14:16:26,44.7738,8.3539,87.3,38,0,6.22
321,Dalbandin,PK,2021-09-12 14:16:27,28.8947,64.4101,90.23,9,0,9.22
322,Haines Junction,CA,2021-09-12 14:16:27,60.7522,-137.5108,26.55,100,84,1.14
323,Puerto Quijarro,BO,2021-09-12 14:16:27,-17.7833,-57.7667,99.93,24,3,8.46
324,Airai,TL,2021-09-12 14:16:28,-8.9266,125.4092,61.68,92,84,1.48
325,Kaeo,NZ,2021-09-12 14:16:28,-35.1,173.7833,47.32,94,13,6.49
326,Kutum,SD,2021-09-12 14:16:28,14.2,24.6667,86.23,36,100,12.01
327,Quelimane,MZ,2021-09-12 14:16:29,-17.8786,36.8883,78.75,69,40,10.36
328,Kargasok,RU,2021-09-12 14:16:29,59.0556,80.8572,41.85,95,100,9.42
329,Puerto Asis,CO,2021-09-12 14:16:29,0.5133,-76.5007,75.76,91,100,1.99
330,Maxixe,MZ,2021-09-12 14:16:30,-23.8597,35.3472,75.38,51,0,9.17
331,Adrar,MR,2021-09-12 14:16:30,20.5022,-10.0711,104.27,17,79,15.14
332,Roseburg,US,2021-09-12 14:14:48,43.2165,-123.3417,51.35,84,9,0.49
333,Nyurba,RU,2021-09-12 14:16:30,63.2842,118.3319,49.77,75,64,4.09
334,Puri,IN,2021-09-12 14:16:30,19.8,85.85,79.32,90,100,23.73
335,Srivardhan,IN,2021-09-12 14:16:31,18.0333,73.0167,79.14,89,68,6.49
336,Kandrian,PG,2021-09-12 14:16:31,-6.2167,149.55,78.04,91,98,6.96
337,Caravelas,BR,2021-09-12 14:16:31,-17.7125,-39.2481,78.89,63,100,7.52
338,Camopi,GF,2021-09-12 14:16:32,3.1655,-52.3158,88.72,48,59,4.54
339,Dingzhou,CN,2021-09-12 14:16:32,38.5131,114.9956,73.51,97,19,10.45
340,Saint-Pierre,RE,2021-09-12 14:16:32,-21.3393,55.4781,71.28,74,0,28.77
341,Doha,QA,2021-09-12 14:14:58,25.2867,51.5333,104.31,61,0,16.11
342,Lashio,MM,2021-09-12 14:16:33,22.9333,97.75,70.45,93,3,1.72
343,Port Elizabeth,ZA,2021-09-12 14:16:33,-33.918,25.5701,64.69,82,90,12.66
344,Bantry,IE,2021-09-12 14:13:51,51.6833,-9.45,58.95,81,99,8.68
345,Bamiantong,CN,2021-09-12 14:16:33,44.9333,130.5333,49.37,87,26,1.23
346,Yulara,AU,2021-09-12 14:16:33,-25.2406,130.9889,66.04,39,0,12.66
347,Ystad,SE,2021-09-12 14:16:34,55.4297,13.8204,71.94,70,69,17.29
348,Poronaysk,RU,2021-09-12 14:16:34,49.2167,143.1167,51.8,79,100,21.56
349,Esil,KZ,2021-09-12 14:16:34,51.9556,66.4042,52.45,41,98,8.12
350,Toktogul,KG,2021-09-12 14:16:35,41.8708,72.9402,69.31,34,2,3.49
351,Zyryanka,RU,2021-09-12 14:12:16,65.75,150.85,38.08,57,94,7.38
352,Jumla,NP,2021-09-12 14:16:35,29.2747,82.1838,60.44,94,84,3.87
353,Alta Floresta,BR,2021-09-12 14:16:36,-9.8756,-56.0861,78.62,89,21,5.75
354,Boueni,YT,2021-09-12 14:16:36,-12.9025,45.0761,80.58,72,13,5.82
355,Bereda,ES,2021-09-12 14:16:36,43.2686,-7.5406,88.41,31,37,2.73
356,Kichera,RU,2021-09-12 14:16:36,55.9375,110.0997,43.99,93,47,0.45
357,Lerwick,GB,2021-09-12 14:16:37,60.1545,-1.1494,57.2,71,87,13.71
358,Half Moon Bay,US,2021-09-12 14:11:37,37.4636,-122.4286,60.82,92,1,0.0
359,Ostrovnoy,RU,2021-09-12 14:16:37,68.0531,39.5131,42.8,82,99,9.44
360,Belmonte,BR,2021-09-12 14:16:37,-15.8631,-38.8828,81.1,64,100,5.73
361,Port Hardy,CA,2021-09-12 14:15:28,50.6996,-127.4199,51.8,100,75,2.3
362,Saint-Augustin,CA,2021-09-12 14:16:38,51.226,-58.6502,59.09,61,7,11.83
363,Buala,SB,2021-09-12 14:16:38,-8.145,159.5921,79.81,79,33,8.19
364,Tiksi,RU,2021-09-12 14:16:38,71.6872,128.8694,46.99,80,27,8.01
365,Flin Flon,CA,2021-09-12 14:16:39,54.7682,-101.865,44.44,93,20,4.61
366,Semirom,IR,2021-09-12 14:16:39,31.4167,51.5667,77.72,12,3,1.21
367,Wodonga,AU,2021-09-12 14:16:40,-36.1167,146.8833,47.05,94,40,1.01
368,Carnarvon,AU,2021-09-12 14:16:40,-24.8667,113.6333,62.67,72,0,19.57
369,Guangyuan,CN,2021-09-12 14:16:40,32.442,105.823,72.88,87,68,0.78
370,Kuching,MY,2021-09-12 14:16:40,1.55,110.3333,77.22,94,20,2.3
371,Mangan,IN,2021-09-12 14:16:41,27.5167,88.5333,76.55,91,70,1.34
372,Virginia Beach,US,2021-09-12 14:16:41,36.8529,-75.978,78.03,68,8,3.0
373,Terrace Bay,CA,2021-09-12 14:16:42,48.7834,-87.1,52.3,69,97,11.1
374,Margate,GB,2021-09-12 14:16:42,51.3813,1.3862,70.18,76,83,5.64
375,Evensk,RU,2021-09-12 14:16:42,61.95,159.2333,37.24,60,1,8.32
376,Nioaque,BR,2021-09-12 14:16:43,-21.1353,-55.83,96.49,24,93,11.39
377,Atar,MR,2021-09-12 14:16:43,20.5169,-13.0499,98.38,26,100,6.22
378,Ontario,US,2021-09-12 14:13:25,34.0633,-117.6509,82.67,48,1,0.0
379,Emerald,AU,2021-09-12 14:16:43,-23.5333,148.1667,65.59,71,2,10.16
380,Yermakovskoye,RU,2021-09-12 14:16:44,53.2831,92.4003,56.44,67,100,3.76
381,Chenzhou,CN,2021-09-12 14:16:44,25.8,113.0333,80.76,72,73,0.6
382,Port Hawkesbury,CA,2021-09-12 14:16:44,45.6169,-61.3485,70.03,62,1,4.0
383,Malartic,CA,2021-09-12 14:16:41,48.1335,-78.1328,55.22,81,99,9.15
384,Bakchar,RU,2021-09-12 14:16:45,57.0186,82.0711,41.38,97,100,10.09
385,Georgetown,MY,2021-09-12 14:16:45,5.4112,100.3354,80.89,82,20,3.44
386,Kloulklubed,PW,2021-09-12 14:16:45,7.0419,134.2556,75.7,77,74,11.83
387,Tuatapere,NZ,2021-09-12 14:16:46,-46.1333,167.6833,46.81,87,100,9.31
388,Muhos,FI,2021-09-12 14:16:46,64.808,25.9931,53.38,97,100,5.77
389,La Ronge,CA,2021-09-12 14:16:46,55.1001,-105.2842,48.45,71,75,8.05
390,Bacolod,PH,2021-09-12 14:16:46,10.6667,122.95,79.39,82,100,4.34
391,Yonibana,SL,2021-09-12 14:16:47,8.4447,-12.245,72.64,97,100,5.03
392,Kingaroy,AU,2021-09-12 14:16:47,-26.5333,151.8333,61.03,87,3,5.82
393,Zhicheng,CN,2021-09-12 14:16:47,30.2956,111.5047,76.35,72,15,6.4
394,Mpika,ZM,2021-09-12 14:16:48,-11.8343,31.4529,78.73,26,13,8.5
395,Ligayan,PH,2021-09-12 14:16:48,4.6533,119.4706,80.87,81,100,11.07
396,Caraballeda,VE,2021-09-12 14:16:48,10.6112,-66.8522,88.38,64,89,5.75
397,Umea,SE,2021-09-12 14:16:48,63.8284,20.2597,53.53,100,90,4.61
398,Cabatuan,PH,2021-09-12 14:16:49,10.8794,122.486,76.8,90,100,1.92
399,Saldanha,ZA,2021-09-12 14:16:49,-33.0117,17.9442,59.58,74,56,14.47
400,Kanniyakumari,IN,2021-09-12 14:16:49,8.0833,77.5667,79.77,79,100,19.3
401,Luderitz,NA,2021-09-12 14:16:50,-26.6481,15.1594,64.54,68,20,24.45
402,Lekoni,GA,2021-09-12 14:16:50,-1.5843,14.2591,81.32,59,90,6.24
403,Palmer,US,2021-09-12 14:12:51,42.1584,-72.3287,72.28,71,75,1.01
404,Parana,AR,2021-09-12 14:16:50,-31.732,-60.5238,77.56,54,98,10.02
405,Byron Bay,AU,2021-09-12 14:16:51,-28.65,153.6167,67.95,82,1,17.34
406,Lobva,RU,2021-09-12 14:16:51,59.1854,60.5185,44.46,65,54,10.2
407,Krasnoselkup,RU,2021-09-12 14:16:51,65.7,82.4667,48.24,91,100,9.35
408,Kreminna,UA,2021-09-12 14:16:51,49.0495,38.2179,78.19,34,100,6.06
409,Oroquieta,PH,2021-09-12 14:16:52,8.4858,123.8044,78.19,86,100,3.29
410,Taga,RO,2021-09-12 14:16:52,46.95,24.05,80.69,33,91,4.18
411,Puyang,CN,2021-09-12 14:16:52,29.4603,119.8861,74.48,95,100,5.64
412,Bac Lieu,VN,2021-09-12 14:16:53,9.285,105.7244,78.82,89,100,11.01
413,Moerai,PF,2021-09-12 14:16:53,-22.4333,-151.3333,71.96,75,88,14.72
414,Cayenne,GF,2021-09-12 14:15:15,4.9333,-52.3333,87.84,74,75,1.99
415,Konya,TR,2021-09-12 14:16:53,38.1667,32.5,74.68,28,4,8.72
416,Calabozo,VE,2021-09-12 14:16:54,8.9242,-67.4293,85.75,59,59,9.1
417,Charyshskoye,RU,2021-09-12 14:16:54,51.3978,83.5598,41.65,92,31,7.36
418,Nishihara,JP,2021-09-12 14:16:54,26.1842,127.7558,83.86,84,75,21.85
419,Gamba,GA,2021-09-12 14:16:54,-2.65,10.0,76.42,80,100,6.51
420,Ormond Beach,US,2021-09-12 14:16:55,29.2858,-81.0559,84.29,71,75,6.91
421,Nova Olinda Do Norte,BR,2021-09-12 14:16:55,-3.8881,-59.0942,92.41,40,9,5.7
422,Honningsvag,NO,2021-09-12 14:16:55,70.9821,25.9704,48.15,73,54,11.9
423,Joacaba,BR,2021-09-12 14:16:56,-27.1781,-51.5047,85.71,40,0,3.02
424,Tucson,US,2021-09-12 14:13:12,32.2217,-110.9265,82.65,50,1,9.22
425,Jagtial,IN,2021-09-12 14:16:56,18.8,78.9333,78.01,89,94,5.3
426,Kruisfontein,ZA,2021-09-12 14:16:56,-34.0033,24.7314,61.88,65,98,12.95
427,Genhe,CN,2021-09-12 14:16:57,50.7833,121.5167,48.58,96,100,7.74
428,Balikpapan,ID,2021-09-12 14:16:57,-1.2675,116.8289,74.28,89,100,5.41
429,Kassala,SD,2021-09-12 14:16:57,15.451,36.4,93.09,44,95,11.3
430,Citta Di Castello,IT,2021-09-12 14:16:58,43.4691,12.2305,88.45,31,4,4.0
431,Tomatlan,MX,2021-09-12 14:16:58,19.9333,-105.25,76.75,83,90,3.29
432,Xam Nua,LA,2021-09-12 14:16:58,20.4197,104.0439,69.1,96,24,2.08
433,Hami,CN,2021-09-12 14:16:59,42.8,93.45,77.79,19,100,5.97
434,Bosaso,SO,2021-09-12 14:16:59,11.2842,49.1816,94.05,44,73,3.65
435,Phalombe,MW,2021-09-12 14:16:59,-15.8064,35.6507,77.76,39,92,7.29
436,Gubkinskiy,RU,2021-09-12 14:16:59,64.434,76.5026,44.17,90,61,5.06
437,Coihaique,CL,2021-09-12 14:17:00,-45.5752,-72.0662,43.41,81,75,9.22
438,Arcachon,FR,2021-09-12 14:17:00,44.5875,-1.0519,84.42,37,0,5.75
439,Noumea,NC,2021-09-12 14:17:01,-22.2763,166.4572,66.18,77,0,8.9
440,Jutai,BR,2021-09-12 14:17:01,-5.1833,-68.9,85.91,64,37,0.85
441,Flinders,AU,2021-09-12 14:17:01,-34.5833,150.8552,61.21,53,29,3.0
442,Kieta,PG,2021-09-12 14:17:01,-6.2167,155.6333,79.09,85,80,8.01
443,Gannan,CN,2021-09-12 14:17:02,47.9147,123.5031,51.4,84,100,5.44
444,Soyo,AO,2021-09-12 14:17:02,-6.1349,12.3689,77.77,75,66,8.63
445,Barra Do Garcas,BR,2021-09-12 14:17:02,-15.89,-52.2567,97.38,28,0,5.75
446,Szendro,HU,2021-09-12 14:17:03,48.4,20.7333,79.81,28,12,3.18
447,Nador,MA,2021-09-12 14:17:03,35.174,-2.9287,87.87,78,40,8.05
448,Port Augusta,AU,2021-09-12 14:17:03,-32.5,137.7667,46.54,64,31,8.66
449,Pergamino,AR,2021-09-12 14:17:04,-33.89,-60.5736,72.18,57,36,12.37
450,Yumen,CN,2021-09-12 14:17:04,40.2833,97.2,69.87,37,98,16.91
451,Crystal Beach,CA,2021-09-12 14:17:04,42.8699,-79.0583,74.12,81,99,7.0
452,Mayo,US,2021-09-12 14:17:05,38.8876,-76.5119,75.27,76,1,3.0
453,Boende,CD,2021-09-12 14:17:05,-0.2167,20.8667,77.86,72,89,2.95
454,Ogori,JP,2021-09-12 14:17:05,34.1,131.4,76.96,90,100,4.09
455,Kailua,US,2021-09-12 14:17:05,21.4022,-157.7394,76.98,66,44,17.27
456,Mineiros,BR,2021-09-12 14:17:06,-17.5694,-52.5511,94.24,17,1,9.04
457,Yamada,JP,2021-09-12 14:17:06,39.4667,141.95,69.03,76,2,10.71
458,Grand Gaube,MU,2021-09-12 14:17:06,-20.0064,57.6608,71.38,75,9,10.0
459,Nago,JP,2021-09-12 14:17:07,26.5881,127.9761,84.63,87,100,22.15
460,De-Kastri,RU,2021-09-12 14:17:07,51.4667,140.7833,45.97,87,7,6.89
461,Mecca,SA,2021-09-12 14:12:15,21.4267,39.8261,98.04,27,55,18.3
462,Pestovo,RU,2021-09-12 14:17:07,58.5938,35.8024,66.58,71,92,2.44
463,Birzai,LT,2021-09-12 14:17:08,56.2,24.75,68.85,77,100,6.69
464,Egvekinot,RU,2021-09-12 14:17:08,66.3167,-179.1667,23.58,83,94,14.94
465,Acapulco,MX,2021-09-12 14:17:08,16.8634,-99.8901,76.82,88,90,0.0
466,Port Macquarie,AU,2021-09-12 14:13:49,-31.4333,152.9167,60.76,56,17,10.29
467,Reo,BF,2021-09-12 14:17:08,12.3167,-2.4667,79.59,76,100,4.85
468,Pyatnitskoye,RU,2021-09-12 14:17:09,50.4233,37.8273,75.11,38,98,8.14
469,Monzon,ES,2021-09-12 14:17:09,41.9108,0.1941,91.44,30,0,6.87
470,Erenhot,CN,2021-09-12 14:17:09,43.6475,111.9767,63.46,48,100,13.87
471,Lebedinyy,RU,2021-09-12 14:17:10,58.5167,125.5167,49.3,66,8,9.31
472,Salvador,SV,2021-09-12 14:12:17,13.8333,-88.9167,75.24,91,98,1.79
473,Nokha,IN,2021-09-12 14:17:10,27.6,73.4167,86.31,64,99,9.51
474,Fenoarivo Atsinanana,MG,2021-09-12 14:17:10,-17.3667,49.4167,72.9,79,5,12.08
475,Riyadh,SA,2021-09-12 14:16:17,24.6877,46.7219,100.54,5,4,13.96
476,Poum,NC,2021-09-12 14:17:11,-20.2333,164.0167,70.63,75,14,14.7
477,Muswellbrook,AU,2021-09-12 14:17:11,-32.2667,150.9,57.33,60,2,4.18
478,Diego De Almagro,CL,2021-09-12 14:17:11,-26.3667,-70.05,59.25,35,0,1.59
479,Ulaanbaatar,MN,2021-09-12 14:17:12,47.9077,106.8832,42.93,81,0,4.47
480,Gimli,CA,2021-09-12 14:17:12,50.6336,-96.9907,50.02,81,91,5.75
481,Tecoanapa,MX,2021-09-12 14:17:12,16.5167,-98.75,77.27,90,95,5.14
482,Paracelis,PH,2021-09-12 14:17:13,17.2667,121.4667,72.82,97,100,3.15
483,Kirakira,SB,2021-09-12 14:17:13,-10.4544,161.9205,78.26,84,12,6.96
484,Portland,US,2021-09-12 14:15:52,45.5234,-122.6762,62.11,88,75,1.01
485,Svetlyy,RU,2021-09-12 14:17:13,54.675,20.1347,69.85,78,100,10.89
486,Graaff-Reinet,ZA,2021-09-12 14:17:14,-32.2522,24.5308,90.91,12,67,19.91
487,Syrskoye,RU,2021-09-12 14:17:14,52.5744,39.4966,72.61,42,83,6.49
488,Agadir,MA,2021-09-12 14:17:14,30.4202,-9.5982,77.45,39,100,6.73
489,Port-Cartier,CA,2021-09-12 14:17:14,50.0334,-66.8654,55.62,97,100,11.9
490,Buinsk,RU,2021-09-12 14:17:15,54.95,48.2833,64.29,66,100,0.81
491,Alanya,TR,2021-09-12 14:17:15,36.5438,31.9998,82.53,58,3,5.21
492,Puro,PH,2021-09-12 14:17:15,12.4841,123.3827,80.42,81,100,1.77
493,Russell,US,2021-09-12 14:17:16,32.3502,-85.1999,79.79,81,40,4.61
494,Albanel,CA,2021-09-12 14:17:16,48.8832,-72.4487,62.74,87,82,11.5
495,Codrington,AU,2021-09-12 14:17:16,-38.2667,141.9667,46.92,77,19,14.43
496,Sao Raimundo Das Mangabeiras,BR,2021-09-12 14:17:17,-7.0219,-45.4811,96.66,27,0,8.3
497,Waingapu,ID,2021-09-12 14:17:17,-9.6567,120.2641,79.72,80,95,4.09
498,Krasnooktyabrskiy,RU,2021-09-12 14:17:17,44.9328,38.3712,80.1,60,64,2.64
499,Aksarka,RU,2021-09-12 14:17:17,66.5606,67.7975,43.99,62,100,12.53
500,Bodden Town,KY,2021-09-12 14:17:18,19.2833,-81.25,88.0,73,40,8.01
501,Da Nang,VN,2021-09-12 14:17:18,16.0678,108.2208,77.05,94,75,4.61
502,Jibuti,DJ,2021-09-12 14:17:18,11.5,42.5,89.02,22,51,7.23
503,Bagdarin,RU,2021-09-12 14:17:19,54.4333,113.6,41.18,94,28,4.63
504,Buraydah,SA,2021-09-12 14:12:54,26.326,43.975,99.55,11,0,6.51
505,Broome,US,2021-09-12 14:17:19,42.2506,-75.833,73.65,71,94,3.0
506,Berlevag,NO,2021-09-12 14:17:19,70.8578,29.0864,46.56,74,64,15.17
507,Markova,UA,2021-09-12 14:17:20,48.6758,24.4138,74.79,49,75,3.62
508,Qaqortoq,GL,2021-09-12 14:17:20,60.7167,-46.0333,46.9,84,100,9.75
509,Dunhua,CN,2021-09-12 14:17:20,43.3725,128.2425,46.27,85,1,1.61
510,Lovozero,RU,2021-09-12 14:17:21,68.005,35.0117,48.7,52,72,0.96
511,Pangody,RU,2021-09-12 14:17:21,65.85,74.4859,43.43,93,100,15.73
512,Baykit,RU,2021-09-12 14:17:21,61.67,96.37,50.18,97,100,6.55
513,Yantal,RU,2021-09-12 14:17:21,56.8471,105.2542,44.08,81,79,4.54
514,La Serena,CL,2021-09-12 14:16:02,-29.9078,-71.2542,60.31,63,0,3.44
515,Comodoro Rivadavia,AR,2021-09-12 14:17:22,-45.8667,-67.5,55.26,38,0,25.32
516,Saeby,DK,2021-09-12 14:17:22,57.3319,10.5225,64.96,71,33,20.69
517,Caconda,AO,2021-09-12 14:17:22,-13.7333,15.0667,85.71,14,84,3.89
518,Talaya,RU,2021-09-12 14:17:23,61.3833,152.75,29.07,67,71,2.1
519,Sechura,PE,2021-09-12 14:17:23,-5.5569,-80.8222,67.86,73,94,10.67
520,Henties Bay,NA,2021-09-12 14:17:23,-22.116,14.2845,58.86,77,6,14.61
521,Iberia,US,2021-09-12 14:17:24,29.9502,-91.7507,80.96,83,40,10.36
522,Freetown,SL,2021-09-12 14:17:24,8.484,-13.2299,76.28,88,100,7.31
523,Coffs Harbour,AU,2021-09-12 14:17:24,-30.3,153.1333,71.56,49,40,12.66
524,Mao,ES,2021-09-12 14:17:24,39.8885,4.2658,79.36,69,20,6.91
525,Chopovychi,UA,2021-09-12 14:17:25,50.8332,28.9533,76.57,33,64,3.33
526,Yankton,US,2021-09-12 14:16:50,42.8711,-97.3973,61.05,77,1,8.05
527,Coracora,PE,2021-09-12 14:17:25,-15.0333,-73.7833,58.77,34,20,4.99
528,Zemio,CF,2021-09-12 14:17:25,5.0314,25.1361,77.7,74,98,4.65
529,Along,IN,2021-09-12 14:17:26,28.1667,94.7667,76.17,90,8,1.95
530,Tatvan,TR,2021-09-12 14:17:26,38.5067,42.2817,79.66,20,0,9.73
531,Kochi,IN,2021-09-12 14:17:26,9.9399,76.2602,76.98,83,97,7.81
532,Viedma,AR,2021-09-12 14:17:26,-40.8135,-62.9967,63.34,22,97,24.92
533,Novyy Urengoy,RU,2021-09-12 14:17:27,66.0833,76.6333,44.92,97,100,12.64
534,Pangnirtung,CA,2021-09-12 14:17:27,66.1451,-65.7125,33.17,41,0,6.42
535,Valparaiso,CL,2021-09-12 14:14:33,-33.0393,-71.6273,56.32,97,90,10.36
536,Pouebo,NC,2021-09-12 14:17:27,-20.4,164.5667,66.6,85,24,11.21
537,Ipixuna,BR,2021-09-12 14:17:28,-1.7625,-48.8043,85.95,52,10,6.17
538,Baijiantan,CN,2021-09-12 14:17:28,45.6333,85.1833,79.88,19,91,11.99
539,Mount Gambier,AU,2021-09-12 14:17:28,-37.8333,140.7667,45.07,90,81,11.23
540,Beira,MZ,2021-09-12 14:17:29,-19.8436,34.8389,77.09,65,20,14.97
541,Ust-Ilimsk,RU,2021-09-12 14:17:29,58.0006,102.6619,50.45,64,99,4.21
542,Sitka,US,2021-09-12 14:17:29,57.0531,-135.33,53.49,94,90,6.91
543,Dakar,SN,2021-09-12 14:15:00,14.6937,-17.4441,88.68,74,28,3.91
544,Bathsheba,BB,2021-09-12 14:17:30,13.2167,-59.5167,84.81,94,75,5.75
545,Leirvik,NO,2021-09-12 14:17:30,59.7798,5.5005,59.63,82,75,18.41
546,Minab,IR,2021-09-12 14:17:30,27.1467,57.0801,96.3,25,1,5.91
547,Vardo,NO,2021-09-12 14:17:31,70.3705,31.1107,46.6,75,72,10.45
548,Brigantine,US,2021-09-12 14:17:31,39.4101,-74.3646,77.32,72,1,12.66
549,Taltal,CL,2021-09-12 14:17:31,-25.4,-70.4833,62.28,55,33,4.27
550,Bochnia,PL,2021-09-12 14:17:31,49.9691,20.4303,77.18,60,1,2.73
551,Bend,US,2021-09-12 14:13:49,44.0582,-121.3153,57.09,71,1,1.01
552,Beloha,MG,2021-09-12 14:17:32,-25.1667,45.05,76.96,52,0,17.72
553,Cotonou,BJ,2021-09-12 14:17:32,6.3654,2.4183,82.38,83,40,14.97
554,Ugoofaaru,MV,2021-09-12 14:17:32,5.6667,73.0,83.23,75,100,11.39
555,Osmena,PH,2021-09-12 14:17:33,10.5208,119.9258,83.68,78,100,10.8
556,Hunfeld,DE,2021-09-12 14:17:33,50.6797,9.7673,73.51,63,98,4.94
557,Orlik,RU,2021-09-12 14:17:33,52.5178,99.825,47.28,63,97,5.26
558,Strezhevoy,RU,2021-09-12 14:17:34,60.7333,77.5889,44.58,93,100,5.39
559,Mezen,RU,2021-09-12 14:17:34,65.8522,44.24,45.07,74,100,7.74
560,Barsovo,RU,2021-09-12 14:17:34,61.1667,73.1667,48.33,95,100,3.78
561,Agucadoura,PT,2021-09-12 14:17:35,41.4318,-8.7804,86.09,71,100,6.15
562,Dukat,RU,2021-09-12 14:17:35,62.55,155.55,28.0,63,100,2.89
563,Cajamarca,PE,2021-09-12 14:17:35,-7.1638,-78.5003,60.87,72,75,2.3
564,Namwala,ZM,2021-09-12 14:17:36,-15.7504,26.4384,83.71,19,100,5.7
565,Middletown,US,2021-09-12 14:15:16,39.5151,-84.3983,76.6,71,1,13.8
566,Niteroi,BR,2021-09-12 14:17:36,-22.8833,-43.1036,86.97,83,20,10.36
567,Teya,RU,2021-09-12 14:17:36,60.3778,92.6267,49.23,95,100,4.59
568,La Romana,DO,2021-09-12 14:15:06,18.4273,-68.9728,88.16,70,40,4.61
569,Arlit,NE,2021-09-12 14:17:37,18.7369,7.3853,105.6,13,1,2.84
570,Casa Nova,BR,2021-09-12 14:17:37,-9.4167,-41.1333,87.78,40,1,22.75
571,Mtimbira,TZ,2021-09-12 14:17:37,-8.7833,36.35,91.47,24,68,2.19
572,Ambilobe,MG,2021-09-12 14:17:38,-13.2,49.05,83.32,39,100,7.47
573,Pantai Remis,MY,2021-09-12 14:17:38,4.4557,100.6288,80.62,85,100,2.51
574,Kenai,US,2021-09-12 14:17:38,60.5544,-151.2583,48.15,96,90,0.0
575,Ucluelet,CA,2021-09-12 14:13:59,48.9329,-125.5528,56.08,92,6,5.88
576,Uige,AO,2021-09-12 14:17:38,-7.6087,15.0613,86.86,36,53,7.61
